Consultas principales,Clics,Impresiones,CTR,Posición
vecindario beer garden,140,3015,4.64%,1.43
beer garden cuernavaca,19,199,9.55%,1.29
cerveza artesanal cuernavaca,18,499,3.61%,4.96
vecindario beer garden cuernavaca,8,83,9.64%,1.23
beer garden,7,636,1.1%,9.82
cerveceria vecindario,3,33,9.09%,9.88
bar en cuernavaca,2,127,1.57%,10.42
cerveza artesanal,2,37,5.41%,2.46
el vecindario cuernavaca,2,29,6.9%,1.14
beer garden near me,2,7,28.57%,26
beer garden near me within 0.2 mi,2,2,100%,1
bares en cuernavaca,1,819,0.12%,10.42
bares cuernavaca,1,759,0.13%,10.32
vecindario,1,310,0.32%,4.95
beergarden,1,45,2.22%,12.07
bares en cuernavaca morelos,1,28,3.57%,13.5
cerveza artesanal cerca de mi,1,15,6.67%,15.6
cervecerias cerca de mi,1,14,7.14%,3.21
lugares para tomar una cerveza cerca de mi,1,8,12.5%,2.38
beer garden menu,1,7,14.29%,27.14
bares centro,1,6,16.67%,26
vecindario restaurantes,1,3,33.33%,3
breweries nearby,1,2,50%,1
cerveza y comida,1,2,50%,2
restaurante vecindario,1,2,50%,2.5
brew pub near me now,1,1,100%,1
yes outdoor,1,1,100%,4
cold room restaurant,1,1,100%,14
wine tasting near me,0,441,0%,4.06
bar cuernavaca,0,210,0%,15.24
breweries near me,0,112,0%,8.31
cerveza,0,95,0%,4.88
wine tasting,0,85,0%,1.88
bar,0,80,0%,10.11
bares,0,73,0%,7.92
bares cerca de mi,0,72,0%,12.03
cerveceria cuernavaca,0,51,0%,9.43
cervezas,0,50,0%,3.36
garden cuernavaca,0,45,0%,10.44
bares en cuernavaca abiertos,0,43,0%,6.58
cerveceria,0,40,0%,3.92
musica en vivo cuernavaca,0,36,0%,4.28
bares en teopanzolco cuernavaca,0,31,0%,4.94
cuerna beer,0,31,0%,10.1
la vecindad antro de barrio,0,29,0%,1.55
garden,0,27,0%,2.74
cerveceria icono,0,27,0%,25.81
garden beer,0,25,0%,5.92
chelas,0,24,0%,7.12
garden bar,0,24,0%,10.88
restaurantes pet friendly cuernavaca,0,23,0%,39.39
bares en rio mayo cuernavaca,0,22,0%,7.41
el beer garden,0,22,0%,22.27
beer,0,21,0%,4.76
campfire brewing & beer garden,0,20,0%,33.65
koko beer garden,0,20,0%,38.85
menú de cervecería icono,0,19,0%,5.37
cervezas en cuernavaca,0,18,0%,4.61
cerveza de barril,0,18,0%,4.72
the beer garden,0,18,0%,19.06
bar cerca de mi,0,17,0%,19.41
local guide program,0,15,0%,1
tap,0,15,0%,2.8
cerveceria cerca de mi,0,15,0%,3
beet garden,0,14,0%,6.71
sports bar cuernavaca,0,14,0%,11.07
mejores bares en cuernavaca,0,13,0%,5.54
beer and burger,0,13,0%,7.38
cervezas cerca de mi,0,13,0%,7.54
bier garden,0,13,0%,13.77
cervecería morelos,0,13,0%,35.77
icono mexicali,0,13,0%,43.54
beer garden beer,0,13,0%,65.15
cerveza para llevar,0,12,0%,1.58
cerveza cerca de mi,0,12,0%,5
lugares para tomar,0,12,0%,7.92
bill garden,0,12,0%,11.25
pizza artesanal,0,12,0%,11.25
el vecindario,0,11,0%,2.18
fotos de vecindario beer garden,0,11,0%,3.09
bares cerca de mi ubicación,0,11,0%,5.64
la vecidario,0,11,0%,6.45
bar garden,0,11,0%,11.55
pizza,0,11,0%,13.36
vallarta beer garden,0,11,0%,50.09
barril de cerveza,0,10,0%,3
porter,0,10,0%,6.2
claroscuro beer garden,0,10,0%,34.8
jardin cervecero,0,10,0%,61.4
restaurantes pet friendly cerca de mi,0,9,0%,18
pub garden,0,9,0%,19.56
cerveza icono,0,9,0%,37
restaurante pet friendly cuernavaca,0,9,0%,39.22
pizzas cuernavaca,0,9,0%,41.67
cerveceria morelos,0,9,0%,41.78
la vecindad antro de barrio cuernavaca,0,8,0%,1.5
donde tomar una cerveza cerca de mi,0,8,0%,2
restaurantes,0,8,0%,8.38
bares de cuernavaca,0,8,0%,11.25
lugares para tomar cerveza,0,7,0%,1
lugares para tomar cerveza y platicar,0,7,0%,1.71
cervezas artesanales,0,7,0%,3
chelas cerca de mi,0,7,0%,3.29
bares en san diego cuernavaca,0,7,0%,8.14
ginger birra,0,7,0%,11.71
restaurante bar,0,7,0%,12.71
icono cerveceria,0,7,0%,27.43
craft beer,0,6,0%,2
eureka,0,6,0%,2.33
tap room,0,6,0%,2.33
beer pub,0,6,0%,2.67
la vecindario,0,6,0%,3.83
cerveceria icono menu,0,6,0%,4.67
beer near me,0,6,0%,5.83
garden beer bar,0,6,0%,8.83
menu chicali hermosillo,0,6,0%,20.83
pet friendly cuernavaca,0,6,0%,21.17
cata de cerveza,0,6,0%,28
morelos beer,0,5,0%,1
barriles,0,5,0%,1.6
artesanal,0,5,0%,2
lugares para tomar una cerveza,0,5,0%,2.6
barcitos cerca de mi,0,5,0%,4
cervezas internacionales,0,5,0%,4.4
lugares para beber cerca de mi,0,5,0%,4.6
vencidario,0,5,0%,5.6
becindario,0,5,0%,6
donde cenar en cuernavaca,0,5,0%,6.6
bares en vista hermosa,0,5,0%,7.2
beerkingo cuernavaca,0,5,0%,12.6
bares cerca,0,5,0%,13
beer bar,0,5,0%,13.2
bar cerveza,0,5,0%,13.6
restaurantes pet friendly,0,5,0%,14.4
bar pet friendly,0,5,0%,15.8
lugares para cenar,0,5,0%,16.8
la internacional cuernavaca,0,5,0%,20
beltane tap room & beer garden,0,5,0%,23.4
pizzas,0,5,0%,25.2
beer and burger cuernavaca,0,5,0%,33.6
pizza cuernavaca,0,5,0%,35
restaurantes pet friendly en cuernavaca,0,5,0%,38
lugares pet friendly cuernavaca,0,5,0%,57.2
cervezas importadas,0,4,0%,2
fotos de cervecería icono,0,4,0%,2.25
vencindario,0,4,0%,3.25
vesindario,0,4,0%,3.25
bar cerveza artesanal,0,4,0%,3.5
barril,0,4,0%,3.5
brewery near me,0,4,0%,3.5
cerveza venado,0,4,0%,3.5
pet friendly,0,4,0%,3.5
drinks,0,4,0%,4.25
flanders,0,4,0%,4.75
bar beer,0,4,0%,5.25
cervecero,0,4,0%,5.25
cerveza guinness,0,4,0%,5.5
beer yard,0,4,0%,6.25
bar near me,0,4,0%,7
lugares pet friendly cerca de mi,0,4,0%,8.5
bares en morelos,0,4,0%,9
sports bar,0,4,0%,9.25
donde cenar cerca de mi,0,4,0%,9.75
cerveza de medio,0,4,0%,10.25
lugares para comer cerca de mi,0,4,0%,11.75
cenas,0,4,0%,15.75
beeryard menu,0,4,0%,21.25
lugares para cenar cuernavaca,0,4,0%,22.75
restaurantes cerca de mi,0,4,0%,25.25
icono mexicali menu,0,4,0%,33.75
cabaña beer,0,4,0%,37
patio cervecero,0,4,0%,38.5
bares en el centro de cuernavaca,0,4,0%,43
beer garden roma,0,4,0%,53.25
bier garten,0,4,0%,58
jardín cervecero,0,4,0%,63.75
beer garden tijuana,0,4,0%,69
pizzas en cuernavaca,0,4,0%,72.25
cerveza y pizza,0,3,0%,1
cervezaria,0,3,0%,1
vecinadario,0,3,0%,1
cervecería artesanal cerca de mi,0,3,0%,1.33
taberna pub cervecería,0,3,0%,1.33
cerveza de sabores,0,3,0%,2
cervezas para llevar,0,3,0%,2
cerveza preparada,0,3,0%,2.33
cervecerias,0,3,0%,2.67
chelas.,0,3,0%,2.67
exceso,0,3,0%,2.67
cervecería cerca de mi,0,3,0%,3
lugar para tomar cerveza,0,3,0%,3.67
lugar para tomar cerveza cerca de mi,0,3,0%,3.67
bares abiertos,0,3,0%,4.67
restaurantes bar con musica en vivo,0,3,0%,4.67
cerveceria artesanal,0,3,0%,5
cervezas near me,0,3,0%,5.67
green beer bar,0,3,0%,6
lugares para tomar cerveza cerca de mi,0,3,0%,6
restaurantes que cierran a las 11,0,3,0%,6
bares con banda en vivo,0,3,0%,6.33
green garden bar,0,3,0%,6.33
prosciutto,0,3,0%,6.67
bares abiertos hoy,0,3,0%,7
german sausage,0,3,0%,7
vecidario,0,3,0%,7
bares abiertos hoy domingo,0,3,0%,7.33
bares familiares cerca de mi,0,3,0%,7.33
beer garde,0,3,0%,7.33
cocteles cerca de mi,0,3,0%,7.33
hamburguesa vegetariana,0,3,0%,7.33
noche buenas cervezas,0,3,0%,7.67
bars near me,0,3,0%,8.67
comida y cerveza,0,3,0%,9
bar con música en vivo,0,3,0%,9.33
besindario,0,3,0%,9.67
pub,0,3,0%,10.33
cerveza de turin,0,3,0%,12.33
teléfono vivo,0,3,0%,14
bares para ir en pareja,0,3,0%,14.67
beer gar,0,3,0%,15.67
cerveza bar,0,3,0%,21.33
bares en cuernavaca centro,0,3,0%,23
cuernavaca bar,0,3,0%,29.33
el meson beer garden,0,3,0%,31
restaurante bar cuernavaca,0,3,0%,34
beer garden saltillo,0,3,0%,37.67
el beergarden,0,3,0%,45.33
beer and beer,0,3,0%,50
cervecerias rosario,0,3,0%,54.33
donde comer,0,3,0%,54.67
biergarter,0,3,0%,93.33
bares abiertos hasta tarde,0,2,0%,1
bares para festejar cumpleaños,0,2,0%,1
cerve,0,2,0%,1
cerve-,0,2,0%,1
cervecerías,0,2,0%,1
cervezas bar,0,2,0%,1
cheleria cerca de mi,0,2,0%,1
jardin cervecero que es,0,2,0%,1
la cerveceria,0,2,0%,1
la cervecería,0,2,0%,1
places to drink near me,0,2,0%,1
restaurante alemán cerca de mí,0,2,0%,1
tap rooms,0,2,0%,1
artisanal beer near me,0,2,0%,1.5
bares con música en vivo,0,2,0%,1.5
cervecerías cerca de mi,0,2,0%,1.5
lugar tranquilo para tomar una cerveza,0,2,0%,1.5
lugares cerca de mi para tomar algo,0,2,0%,1.5
lugares para ver el futbol cerca de mi,0,2,0%,1.5
cerveza cerca de mi ubicación,0,2,0%,2
cerveza en un bar,0,2,0%,2
cervezas artesanales en mexico,0,2,0%,2
cervezas de barril,0,2,0%,2
restaurantes para ver el futbol,0,2,0%,2
topo chico,0,2,0%,2
vivo en cuernavaca morelos,0,2,0%,2
bar abierto en domingo,0,2,0%,2.5
cervezas de sabores,0,2,0%,2.5
cervezeria,0,2,0%,2.5
vecendario,0,2,0%,2.5
bar con musica en vivo,0,2,0%,3
bares para ver el mundial,0,2,0%,3
cerveceria icono photos,0,2,0%,3
cervecería icono photos,0,2,0%,3
craft breweries,0,2,0%,3
vegan near me,0,2,0%,3
cervesas,0,2,0%,4
cerveza artesanal sin alcohol,0,2,0%,4
menú de cervecería - pizzería la reforma,0,2,0%,4
bar con cervezas,0,2,0%,4.5
beer flight set near me,0,2,0%,4.5
brewery,0,2,0%,5
cervezas de sabor,0,2,0%,5
cervezas preparadas cerca de mi,0,2,0%,5
garden cuernavaca menu,0,2,0%,5
la comer,0,2,0%,5
lugar para tomar cerca de mi,0,2,0%,5
lugares pet friendly,0,2,0%,5
pulled pork,0,2,0%,5
tomar cerveza,0,2,0%,5
bar cervezas artesanales,0,2,0%,5.5
bear garden,0,2,0%,5.5
cervecería icono menú,0,2,0%,5.5
bares galerias,0,2,0%,6
cerveza artesanal alemana,0,2,0%,6
libre,0,2,0%,6
restaurantes familiares con música en vivo,0,2,0%,6
beer garten,0,2,0%,6.5
berr garden,0,2,0%,6.5
patio,0,2,0%,6.5
bares restaurantes,0,2,0%,7
margarita,0,2,0%,7
beergarten,0,2,0%,7.5
best craft beers near me,0,2,0%,7.5
drinks cerca de mi,0,2,0%,8
green garden restaurante,0,2,0%,8
beer garden bar,0,2,0%,8.5
ligero,0,2,0%,8.5
margarita bebida,0,2,0%,8.5
vivo,0,2,0%,8.5
bar de cerveza artesanal,0,2,0%,9
cervecería,0,2,0%,9
bares con juegos para niños,0,2,0%,9.5
bares de banda,0,2,0%,9.5
menu beer garden,0,2,0%,9.5
modelitos cerveza,0,2,0%,9.5
bares con juegos de mesa,0,2,0%,10
donde desayunar pet friendly cerca de mi,0,2,0%,10
lugares para cenar pet friendly,0,2,0%,10
lugares para comer al aire libre cerca de mi,0,2,0%,10
lugares para comer y beber,0,2,0%,10.5
bien garden,0,2,0%,11.5
cerveza ginger,0,2,0%,11.5
restaurant bar,0,2,0%,12
donde comer hoy,0,2,0%,14.5
drinks cuernavaca,0,2,0%,14.5
donde cenar,0,2,0%,15
beer garden villaviciosa de odon,0,2,0%,16.5
cantinas en cuernavaca,0,2,0%,18
donde cenar cuernavaca,0,2,0%,21
garden pub,0,2,0%,21.5
lugares para comer pet friendly cerca de mi,0,2,0%,21.5
bares con música en vivo cerca de mi,0,2,0%,22
banda en cuernavaca,0,2,0%,22.5
restaurantes con música en vivo cuernavaca,0,2,0%,23
hamburguesa y cerveza,0,2,0%,23.5
pizzas cerca de mi,0,2,0%,23.5
sport bar cuernavaca,0,2,0%,23.5
micheladas cuernavaca,0,2,0%,27.5
bar pet friendly cerca de mi,0,2,0%,28
centro bares,0,2,0%,28.5
cervecería icono,0,2,0%,29
biergarten,0,2,0%,31.5
big garden,0,2,0%,36.5
carlos beer garden,0,2,0%,38.5
cerveceria centenario,0,2,0%,41.5
beer garden tenerife menu,0,2,0%,42.5
restaurante pet friendly cerca de mi,0,2,0%,43.5
restaurantes en reforma cuernavaca,0,2,0%,48
el cardenal cervecería,0,2,0%,51
gardenia bar,0,2,0%,55
cervecería vallarta,0,2,0%,58.5
alejandra moreno 7,0,2,0%,59
beer g,0,2,0%,59
restaurantes cuernavaca con jardín,0,2,0%,59
don cheve tecamac,0,2,0%,59.5
beer garden mexicali,0,2,0%,61.5
bodega de cerveza,0,2,0%,63.5
la bitachera,0,2,0%,79.5
pizzería cuernavaca,0,2,0%,84.5
cold beer,0,2,0%,93
all you need is beer,0,1,0%,1
bar al aire libre,0,1,0%,1
bar bellina,0,1,0%,1
bar cerva de mi,0,1,0%,1
bar gastronomico,0,1,0%,1
bar musica en vivo cerca de mi,0,1,0%,1
bar vecindario,0,1,0%,1
"bar,",0,1,0%,1
bares cerca de mi para comer,0,1,0%,1
bares cerca de mo,0,1,0%,1
bares cercanos a mi ubicación,0,1,0%,1
bares de galerias,0,1,0%,1
bares en el sur,0,1,0%,1
bares tranquilos para platicar,0,1,0%,1
barriles de cerveza,0,1,0%,1
bear garten,0,1,0%,1
beer & burger,0,1,0%,1
beer artisan company cuernavaca,0,1,0%,1
beer gardan,0,1,0%,1
beer pints,0,1,0%,1
beerg,0,1,0%,1
beergardem,0,1,0%,1
beergsrden,0,1,0%,1
beerkingos,0,1,0%,1
beet bar,0,1,0%,1
best craft beers,0,1,0%,1
biertgarden,0,1,0%,1
birrerias,0,1,0%,1
bodegas cerveza,0,1,0%,1
burger beer,0,1,0%,1
cervecera,0,1,0%,1
cerveceri,0,1,0%,1
cerveceria el barrio,0,1,0%,1
cerveceria reforma,0,1,0%,1
cervecería vecindario,0,1,0%,1
cerveza 100 mexicana,0,1,0%,1
cerveza artesanal cerca,0,1,0%,1
cerveza artesanal ipa,0,1,0%,1
cerveza ca,0,1,0%,1
cerveza en barril para eventos,0,1,0%,1
cerveza ipa artesanal,0,1,0%,1
cerveza y botana,0,1,0%,1
community beer garden,0,1,0%,1
craft beer market,0,1,0%,1
crevesas,0,1,0%,1
cuernavaca,0,1,0%,1
donde tomar una cerveza cerca de mi ubicación,0,1,0%,1
donde venden tritones de cerveza,0,1,0%,1
donde ver el partido en cuernavaca,0,1,0%,1
el garden,0,1,0%,1
el patio cerveceria,0,1,0%,1
el vivo,0,1,0%,1
garden.,0,1,0%,1
hamburguesas,0,1,0%,1
hoegaarden cerveza,0,1,0%,1
jazz cuernavaca,0,1,0%,1
kraft bar,0,1,0%,1
la cheleria,0,1,0%,1
la redonda,0,1,0%,1
lugar para comer y tomar cerveza,0,1,0%,1
lugar pet friendly para comer,0,1,0%,1
lugares cercanos,0,1,0%,1
lugares para tomar cerveza y platicar cerca de mi,0,1,0%,1
lugares para ver el partido pumas vs cruz azul,0,1,0%,1
lugares para ver futbol,0,1,0%,1
pizza & birra,0,1,0%,1
pizzeria cuernavaca,0,1,0%,1
pizzeria y cerveceria,0,1,0%,1
pomo cerveza,0,1,0%,1
presentación de cerveza,0,1,0%,1
pub local,0,1,0%,1
pub near me,0,1,0%,1
pub tap,0,1,0%,1
si,0,1,0%,1
sour craft beer,0,1,0%,1
sports bars,0,1,0%,1
sports bars nearby,0,1,0%,1
tap garden,0,1,0%,1
tap roo,0,1,0%,1
tap teléfono,0,1,0%,1
teopanzolco,0,1,0%,1
tienda de cervezas artesanales,0,1,0%,1
tostadas artesanales,0,1,0%,1
vecinadrio,0,1,0%,1
vecindarios,0,1,0%,1
venta de cerveza cerca de mi ubicación,0,1,0%,1
venue bar,0,1,0%,1
vir house,0,1,0%,1
al aire,0,1,0%,2
alcohol cerca,0,1,0%,2
american bar near me,0,1,0%,2
antigua cerveza,0,1,0%,2
aplicaciones con variedad de cervezas en cuernavaca,0,1,0%,2
banda en vivo,0,1,0%,2
bar navi,0,1,0%,2
bar pub,0,1,0%,2
bar salchichas,0,1,0%,2
bares con pantalla para ver el futbol,0,1,0%,2
bares tranquilos,0,1,0%,2
beer garden menú,0,1,0%,2
beer gardwn,0,1,0%,2
beerpub,0,1,0%,2
brew gardens issachar,0,1,0%,2
brewery flats,0,1,0%,2
cerveceria nacional,0,1,0%,2
cerveceria near me,0,1,0%,2
cervecería artesanal,0,1,0%,2
cerveza artesanal colimita,0,1,0%,2
cerveza artesanal comprar,0,1,0%,2
cerveza de frutos rojos belga,0,1,0%,2
cerveza veracruzana,0,1,0%,2
cerveza y,0,1,0%,2
cervezeras,0,1,0%,2
demen una chela,0,1,0%,2
donde comprar cecina de yecapixtla en cuernavaca,0,1,0%,2
donde tomar una cerveza,0,1,0%,2
icono mexicali telefono,0,1,0%,2
lugares para drinks,0,1,0%,2
lugares para ir a tomar algo,0,1,0%,2
national,0,1,0%,2
nutizza,0,1,0%,2
restaurant beer garden,0,1,0%,2
sin reserva,0,1,0%,2
tomar una cerveza,0,1,0%,2
top rated bars,0,1,0%,2
zona pet friendly,0,1,0%,2
aire libre,0,1,0%,3
bar con area de niños,0,1,0%,3
bar hopping,0,1,0%,3
bar musica en vivo,0,1,0%,3
bares de hoteles,0,1,0%,3
bares en terrazas,0,1,0%,3
barra de cerveza para eventos,0,1,0%,3
barril cerveza,0,1,0%,3
beer fest cuernavaca,0,1,0%,3
beers,0,1,0%,3
by garden,0,1,0%,3
cafe vecindario,0,1,0%,3
cerveceria artesanal cerca de mi,0,1,0%,3
cerveceria centro,0,1,0%,3
cervecita,0,1,0%,3
cerveza de barril alemana,0,1,0%,3
cerveza europea,0,1,0%,3
cervezas grandes,0,1,0%,3
cubeta de cerveza en bar,0,1,0%,3
donde se compra,0,1,0%,3
happy houl,0,1,0%,3
international beer garden latest,0,1,0%,3
localiza por favor,0,1,0%,3
lugares para tomar drinks,0,1,0%,3
nombres de bares,0,1,0%,3
papas a la francesa,0,1,0%,3
random bar,0,1,0%,3
restaurantes abierto ahora,0,1,0%,3
restaurantes con cerveza,0,1,0%,3
restaurantes con pantalla para ver el fútbol,0,1,0%,3
serbesa,0,1,0%,3
vasos bar,0,1,0%,3
bar aire,0,1,0%,4
bares bonitos cerca de mi,0,1,0%,4
bares cerca de mí,0,1,0%,4
bares cercq de mi,0,1,0%,4
bares familiares,0,1,0%,4
bares para ver el partido,0,1,0%,4
bars downtown,0,1,0%,4
bars open near me,0,1,0%,4
bebida,0,1,0%,4
beer gardem,0,1,0%,4
beer gatden,0,1,0%,4
beer gerden,0,1,0%,4
beer point,0,1,0%,4
cafe musica en vivo,0,1,0%,4
cerbesa,0,1,0%,4
cerveza caballito,0,1,0%,4
cerveza medio,0,1,0%,4
cerveza tradicional,0,1,0%,4
cerveza y futbol,0,1,0%,4
cervezita o cervecita,0,1,0%,4
cheleria,0,1,0%,4
craft,0,1,0%,4
donde beber cerca de mi,0,1,0%,4
donde comer pizza,0,1,0%,4
el beer,0,1,0%,4
hogart beer,0,1,0%,4
la 22,0,1,0%,4
no hay mas?,0,1,0%,4
restaurant bar cerca de mi,0,1,0%,4
tap cerveza,0,1,0%,4
teopanzolco 600,0,1,0%,4
unas cervezas,0,1,0%,4
bar familiar,0,1,0%,5
bar mejor valorados,0,1,0%,5
bar sector,0,1,0%,5
bares romanticos cerca de mi,0,1,0%,5
barrio de cerveza,0,1,0%,5
bodega de cerveza cerca de mi,0,1,0%,5
cerveceros,0,1,0%,5
cervecería icono fotos,0,1,0%,5
cerveza en barril,0,1,0%,5
chelas frias,0,1,0%,5
cheve,0,1,0%,5
craft room,0,1,0%,5
donde tomar cerveza cerca de mi,0,1,0%,5
donde venden cerveza artesanal,0,1,0%,5
drinks bonitos,0,1,0%,5
el vini,0,1,0%,5
food near me,0,1,0%,5
garden variety,0,1,0%,5
la internacional cerveceria,0,1,0%,5
lugares de musica en vivo cerca de mi,0,1,0%,5
lugares para tomar algo tranquilo,0,1,0%,5
lugares para tomar en cuernavaca,0,1,0%,5
música en vivo,0,1,0%,5
panzon pizzeria menu,0,1,0%,5
pese,0,1,0%,5
pizzeria al aire libre,0,1,0%,5
que comer cerca de mi,0,1,0%,5
restaurante con música en vivo familiar,0,1,0%,5
restaurante de vino,0,1,0%,5
restaurantes que cierran a las 12,0,1,0%,5
san pellegrino,0,1,0%,5
the beer bar,0,1,0%,5
tomar drinks,0,1,0%,5
vicendario,0,1,0%,5
vivo#,0,1,0%,5
bar alternativo,0,1,0%,6
bar cerca de.mi,0,1,0%,6
bar con música en vivo cerca de mi,0,1,0%,6
bares con música en vivo hoy,0,1,0%,6
beef garden,0,1,0%,6
biergarten cerca de mi,0,1,0%,6
chelas cerca de mi ubicación,0,1,0%,6
de dónde es originaria la cerveza,0,1,0%,6
lugar donde venden cerveza,0,1,0%,6
lugares con banda,0,1,0%,6
lugares para tomar alcohol cerca de mi,0,1,0%,6
bar aniversario,0,1,0%,7
bar con comida cerca de mi,0,1,0%,7
bar familiar cerca de mi,0,1,0%,7
bares mejor valorados,0,1,0%,7
beer gardn,0,1,0%,7
beergarde,0,1,0%,7
biergarten near me,0,1,0%,7
cenas cerca de mi ubicación,0,1,0%,7
cerveza con refresco,0,1,0%,7
cerveza nomo,0,1,0%,7
cerveza tijuana artesanal,0,1,0%,7
cervezas cerca de mí,0,1,0%,7
comida pet friendly,0,1,0%,7
donde tomar vino cerca de mi,0,1,0%,7
ensalada,0,1,0%,7
garden restaurant near me,0,1,0%,7
lugar de bebidas alcoholicas,0,1,0%,7
lugares para cenar cerca de mi,0,1,0%,7
lunch garden,0,1,0%,7
old style beer,0,1,0%,7
puzza,0,1,0%,7
tequila brewery near me,0,1,0%,7
bar cerca de mi ubicación,0,1,0%,8
bar con terraza cerca de mi,0,1,0%,8
bar para ver el futbol cerca de mi,0,1,0%,8
bares abiertos hoy abierto ahora,0,1,0%,8
bares cerca de mi ubicacion,0,1,0%,8
bares en vecindario,0,1,0%,8
bebidas artesanales,0,1,0%,8
brewing bar,0,1,0%,8
cecina,0,1,0%,8
cerveza modelito,0,1,0%,8
cerveza weizen bohemia,0,1,0%,8
drinking beer,0,1,0%,8
eer garden,0,1,0%,8
gear garden menu,0,1,0%,8
hamburguesas bar,0,1,0%,8
hamburguesas en cuernavaca,0,1,0%,8
hamburguesas reforma,0,1,0%,8
musica en vivo en restaurantes,0,1,0%,8
open bars,0,1,0%,8
pizza pet friendly,0,1,0%,8
puedo tomar una cerveza,0,1,0%,8
bar y comida cerca de mi,0,1,0%,9
bares cerca de mi mejor valorados,0,1,0%,9
bares en galerías,0,1,0%,9
beer garden zona 1,0,1,0%,9
cafe y pizza,0,1,0%,9
cenar en cuernavaca,0,1,0%,9
cerveza belga,0,1,0%,9
cerveza con tequila,0,1,0%,9
cerveza de agave indio,0,1,0%,9
cerveza guines,0,1,0%,9
cerveza origen,0,1,0%,9
comida para bar,0,1,0%,9
drinks cerca,0,1,0%,9
la vecindad bar,0,1,0%,9
lugares para ir a cenar,0,1,0%,9
muéstrame las imágenes,0,1,0%,9
plan a cuernavaca trip based on interests,0,1,0%,9
restaurantes deportivos,0,1,0%,9
restaurants near me,0,1,0%,9
bar beer garden,0,1,0%,10
bar cerca de mi mejor valorados,0,1,0%,10
bar con banda en vivo,0,1,0%,10
bar de cerveza,0,1,0%,10
bares para ligar,0,1,0%,10
beergard,0,1,0%,10
cafe,0,1,0%,10
cerveza alemana,0,1,0%,10
cerveza mexicana,0,1,0%,10
cerveza premium,0,1,0%,10
comida vegetariana,0,1,0%,10
draft,0,1,0%,10
garden ber,0,1,0%,10
hefeweizen beer,0,1,0%,10
la.internacional,0,1,0%,10
lugares para tomar algo,0,1,0%,10
me pub,0,1,0%,10
pizzas y vino,0,1,0%,10
restaurantes abiertos,0,1,0%,10
"taberna,pub,cerveceria",0,1,0%,10
bar la vecindad,0,1,0%,11
beer forest bar,0,1,0%,11
beer garden.,0,1,0%,11
beer gartien,0,1,0%,11
bergarden,0,1,0%,11
menú de garden cuernavaca,0,1,0%,11
mini bar exterior,0,1,0%,11
restaurant bars near me,0,1,0%,11
restaurante familiar con musica en vivo,0,1,0%,11
restaurantes en teopanzolco cuernavaca,0,1,0%,11
the beer garden tijuana menu,0,1,0%,11
vecindad bar,0,1,0%,11
vecindari,0,1,0%,11
bares abiertos cerca de mí,0,1,0%,12
bares. cerca de mi,0,1,0%,12
donde cenar cerca de mi ubicación,0,1,0%,12
las mejores hamburguesas de cuernavaca,0,1,0%,12
los vecindarios,0,1,0%,12
pizzas cerca,0,1,0%,12
vida nocturna en cuernavaca,0,1,0%,12
bar and garden,0,1,0%,13
bar centro,0,1,0%,13
bares con musica en vivo,0,1,0%,13
beer flight set,0,1,0%,13
beer gard,0,1,0%,13
ber garden,0,1,0%,13
cerveza artesanal stout,0,1,0%,13
cerveza chingona,0,1,0%,13
cerveza clasica,0,1,0%,13
cerveza con champagne,0,1,0%,13
cerveza de botella,0,1,0%,13
cerveza en descuento,0,1,0%,13
cerveza noche especial,0,1,0%,13
cerveza sin alcohol,0,1,0%,13
gallo lobo,0,1,0%,13
harry polanco cerveza,0,1,0%,13
mejor cerveza,0,1,0%,13
the beer garden latest,0,1,0%,13
all mexican beer,0,1,0%,14
beer gardens,0,1,0%,14
beer taps,0,1,0%,14
biergarten traducción,0,1,0%,14
burgers near me,0,1,0%,14
cerveza behringer,0,1,0%,14
cerveza de agave,0,1,0%,14
cerveza de cuartito,0,1,0%,14
cerveza más fina,0,1,0%,14
cerveza young's chocolate,0,1,0%,14
donde comer cerca de mi,0,1,0%,14
donde se toma la cerveza caliente,0,1,0%,14
pet friendly restaurants near me,0,1,0%,14
bar con banda,0,1,0%,15
bares con juegos,0,1,0%,15
best food near me,0,1,0%,15
cerveza artesanal porter,0,1,0%,15
cerveza pilsner méxico,0,1,0%,15
cervezas en mexico marcas,0,1,0%,15
la cerveza es buena?,0,1,0%,15
que cenar cerca de mi,0,1,0%,15
reforma bar,0,1,0%,15
vino el ocho,0,1,0%,15
bar con grupo en vivo,0,1,0%,16
bar y restaurante,0,1,0%,16
bares con area de niños,0,1,0%,16
cenas cerca de mi,0,1,0%,16
cervecería jardín tap room,0,1,0%,16
beer garden cerca de mi,0,1,0%,17
beer+garden,0,1,0%,17
night clubs near me,0,1,0%,17
pizza abierto ahora,0,1,0%,17
restaurantes bar cerca de mi,0,1,0%,17
cafe insurgentes,0,1,0%,18
con gongoli,0,1,0%,18
lugares bonitos y tranquilos,0,1,0%,18
lugares para comer,0,1,0%,18
predilecta beer garden,0,1,0%,18
bares en cuerna,0,1,0%,19
lugares para tomar un trago cerca de mi,0,1,0%,19
open bar,0,1,0%,19
pet friendly cerca de mi,0,1,0%,19
restaurant pet friendly cerca de mi,0,1,0%,19
bares en mexico,0,1,0%,20
cumby beer garden,0,1,0%,20
donde tomarse una cerveza cerca de mi,0,1,0%,20
lugares para ir a beber,0,1,0%,20
restaurante bar en cuernavaca,0,1,0%,20
restaurante para cenar,0,1,0%,20
restaurante teopanzolco,0,1,0%,20
restaurants,0,1,0%,20
bares restaurante cerca de mi,0,1,0%,21
longwood beer garden menu,0,1,0%,21
bares cuernavaca centro,0,1,0%,22
comida pet friendly cerca de mi,0,1,0%,22
lugares bonitos para cenar en cuernavaca,0,1,0%,22
opiniones de cervecería icono,0,1,0%,22
pizza en cuernavaca,0,1,0%,22
la 29 cuernavaca,0,1,0%,23
beer garden san pedro,0,1,0%,24
beer yard menu,0,1,0%,24
vino y pizza,0,1,0%,24
pizzerias cuernavaca,0,1,0%,25
beergarden menu,0,1,0%,26
botaneras en cuernavaca,0,1,0%,26
lugares para cenar en cuernavaca,0,1,0%,26
bar and beer,0,1,0%,27
canal beer garden & bbq @ride,0,1,0%,27
oveja mistica,0,1,0%,27
cocktail bar cuernavaca,0,1,0%,28
restaurante nuevo,0,1,0%,28
bares abierto ahora,0,1,0%,29
garden district taproom,0,1,0%,29
restaurantes para cenar,0,1,0%,29
bar cerca,0,1,0%,30
bares bonitos,0,1,0%,30
los mejores bares cerca de mi,0,1,0%,30
pizzas artesanales,0,1,0%,30
restaurante pet friendly,0,1,0%,30
seattle garden mieres,0,1,0%,31
chelodromo cuernavaca,0,1,0%,32
activities in cuernavaca,0,1,0%,33
pizza cerca de mi,0,1,0%,33
bar cerca de mi open now,0,1,0%,35
beera bar,0,1,0%,36
brothers madariaga,0,1,0%,36
corolla beer garden,0,1,0%,37
las mejores pizzas de cuernavaca,0,1,0%,38
cerveceria nacional morelos,0,1,0%,39
miches en cuernavaca,0,1,0%,39
patios cerveceros,0,1,0%,39
beer hall menu,0,1,0%,40
cerveceria jardin,0,1,0%,40
restaurante cerveza,0,1,0%,40
timbers pub beer patio,0,1,0%,40
cena cuernavaca,0,1,0%,41
beer garden lomas de zamora,0,1,0%,42
pichirilo cuernavaca,0,1,0%,42
beer garden intramuros,0,1,0%,43
beer garden irvine,0,1,0%,44
restaurantes con música en directo,0,1,0%,44
tap room woodstock,0,1,0%,44
bar en el centro,0,1,0%,45
tap bar,0,1,0%,45
auditorios en cuernavaca,0,1,0%,47
bares en el centro,0,1,0%,47
beer garden fresno,0,1,0%,47
pizzerias bonitas,0,1,0%,47
bar cocteles cerca de mi,0,1,0%,48
luciernaga grill garden,0,1,0%,48
oklahoma vecindario,0,1,0%,48
campfire aguascalientes,0,1,0%,49
cerveza barrio,0,1,0%,49
cervecería icono mexicali,0,1,0%,51
la cervecería de barrio cuernavaca,0,1,0%,51
patan ale house,0,1,0%,51
cerveceria vallarta,0,1,0%,54
beer hall,0,1,0%,55
distrito cervecero,0,1,0%,55
cerveceria la divina,0,1,0%,61
bcb tasting room,0,1,0%,62
pizzas and beer menú,0,1,0%,62
cerveza en bar,0,1,0%,64
la divina cuernavaca,0,1,0%,64
bares en jiutepec,0,1,0%,68
restaurantes petfriendly,0,1,0%,69
beer garden cdmx,0,1,0%,72
restaurantes en cuernavaca morelos,0,1,0%,79
la cabaña beer,0,1,0%,80
garden beers,0,1,0%,82
pubs garden,0,1,0%,86
cerveza artesanal bar,0,1,0%,89